{
  "nominal_fill": {
    "EMPLOY": 4.0,
    "ETHNIC": 4.0,
    "LIVARAG": 3.0,
    "MARSTAT": 1.0,
    "PSOURCE": 1.0,
    "RACE": 5.0,
    "REGION": 1.0,
    "SERVICES": 7.0,
    "STFIPS": 36.0
  },
  "ohe_categories": {
    "EMPLOY": [
      1.0,
      2.0,
      3.0,
      4.0
    ],
    "ETHNIC": [
      1.0,
      2.0,
      3.0,
      4.0,
      5.0
    ],
    "LIVARAG": [
      1.0,
      2.0,
      3.0
    ],
    "MARSTAT": [
      1.0,
      2.0,
      3.0,
      4.0
    ],
    "PSOURCE": [
      1.0,
      2.0,
      3.0,
      4.0,
      5.0,
      6.0,
      7.0
    ],
    "RACE": [
      1.0,
      2.0,
      3.0,
      4.0,
      5.0,
      6.0,
      7.0,
      8.0,
      9.0
    ],
    "REGION": [
      0.0,
      1.0,
      2.0,
      3.0,
      4.0
    ],
    "SERVICES": [
      6.0,
      7.0
    ],
    "STFIPS": [
      1.0,
      2.0,
      4.0,
      5.0,
      6.0,
      8.0,
      9.0,
      10.0,
      11.0,
      12.0,
      15.0,
      16.0,
      17.0,
      18.0,
      19.0,
      21.0,
      22.0,
      23.0,
      24.0,
      25.0,
      26.0,
      27.0,
      28.0,
      29.0,
      31.0,
      32.0,
      33.0,
      34.0,
      35.0,
      36.0,
      37.0,
      39.0,
      42.0,
      44.0,
      46.0,
      47.0,
      48.0,
      49.0,
      50.0,
      51.0,
      55.0,
      56.0,
      72.0
    ]
  },
  "ordinal_fill": {
    "ARRESTS": 0.0,
    "EDUC": 3.0,
    "FREQMAX": 3.0,
    "AGECAT": 3.0,
    "NUMSUBS": 2.0
  },
  "ordinal_mean": {
    "ARRESTS": 0.07383267667029927,
    "EDUC": 2.9738242937379495,
    "FREQMAX": 2.4061006790175203,
    "AGECAT": 2.833315868890938,
    "NUMSUBS": 1.8906760834940062
  },
  "ordinal_std": {
    "ARRESTS": 0.30780795110899567,
    "EDUC": 0.8840160266046054,
    "FREQMAX": 0.8282398855380112,
    "AGECAT": 1.1747491564524035,
    "NUMSUBS": 0.7932649339133362
  },
  "binary_fill": {
    "ALCFLG": 0.0,
    "MARFLG": 0.0,
    "INHFLG": 0.0,
    "NOPRIOR": 1.0,
    "PSYPROB": 0.0,
    "VET": 0.0,
    "GENDER": 1.0,
    "NEEDLEUSE": 1.0,
    "STIMFLAG": 0.0,
    "TRNQFLAG": 0.0,
    "SEDFLAG": 0.0,
    "HALFLAG": 0.0,
    "HEROIN": 1.0
  },
  "feature_names": [
    "EMPLOY_1.0",
    "EMPLOY_2.0",
    "EMPLOY_3.0",
    "EMPLOY_4.0",
    "ETHNIC_1.0",
    "ETHNIC_2.0",
    "ETHNIC_3.0",
    "ETHNIC_4.0",
    "ETHNIC_5.0",
    "LIVARAG_1.0",
    "LIVARAG_2.0",
    "LIVARAG_3.0",
    "MARSTAT_1.0",
    "MARSTAT_2.0",
    "MARSTAT_3.0",
    "MARSTAT_4.0",
    "PSOURCE_1.0",
    "PSOURCE_2.0",
    "PSOURCE_3.0",
    "PSOURCE_4.0",
    "PSOURCE_5.0",
    "PSOURCE_6.0",
    "PSOURCE_7.0",
    "RACE_1.0",
    "RACE_2.0",
    "RACE_3.0",
    "RACE_4.0",
    "RACE_5.0",
    "RACE_6.0",
    "RACE_7.0",
    "RACE_8.0",
    "RACE_9.0",
    "REGION_0.0",
    "REGION_1.0",
    "REGION_2.0",
    "REGION_3.0",
    "REGION_4.0",
    "SERVICES_6.0",
    "SERVICES_7.0",
    "STFIPS_1.0",
    "STFIPS_2.0",
    "STFIPS_4.0",
    "STFIPS_5.0",
    "STFIPS_6.0",
    "STFIPS_8.0",
    "STFIPS_9.0",
    "STFIPS_10.0",
    "STFIPS_11.0",
    "STFIPS_12.0",
    "STFIPS_15.0",
    "STFIPS_16.0",
    "STFIPS_17.0",
    "STFIPS_18.0",
    "STFIPS_19.0",
    "STFIPS_21.0",
    "STFIPS_22.0",
    "STFIPS_23.0",
    "STFIPS_24.0",
    "STFIPS_25.0",
    "STFIPS_26.0",
    "STFIPS_27.0",
    "STFIPS_28.0",
    "STFIPS_29.0",
    "STFIPS_31.0",
    "STFIPS_32.0",
    "STFIPS_33.0",
    "STFIPS_34.0",
    "STFIPS_35.0",
    "STFIPS_36.0",
    "STFIPS_37.0",
    "STFIPS_39.0",
    "STFIPS_42.0",
    "STFIPS_44.0",
    "STFIPS_46.0",
    "STFIPS_47.0",
    "STFIPS_48.0",
    "STFIPS_49.0",
    "STFIPS_50.0",
    "STFIPS_51.0",
    "STFIPS_55.0",
    "STFIPS_56.0",
    "STFIPS_72.0",
    "ARRESTS",
    "EDUC",
    "FREQMAX",
    "AGECAT",
    "NUMSUBS",
    "ALCFLG",
    "MARFLG",
    "INHFLG",
    "NOPRIOR",
    "PSYPROB",
    "VET",
    "GENDER",
    "NEEDLEUSE",
    "STIMFLAG",
    "TRNQFLAG",
    "SEDFLAG",
    "HALFLAG",
    "HEROIN"
  ],
  "nominal_cols": [
    "EMPLOY",
    "ETHNIC",
    "LIVARAG",
    "MARSTAT",
    "PSOURCE",
    "RACE",
    "REGION",
    "SERVICES",
    "STFIPS"
  ],
  "ordinal_cols": [
    "ARRESTS",
    "EDUC",
    "FREQMAX",
    "AGECAT",
    "NUMSUBS"
  ],
  "binary_cols": [
    "ALCFLG",
    "MARFLG",
    "INHFLG",
    "NOPRIOR",
    "PSYPROB",
    "VET",
    "GENDER",
    "NEEDLEUSE",
    "STIMFLAG",
    "TRNQFLAG",
    "SEDFLAG",
    "HALFLAG",
    "HEROIN"
  ]
}